{"cameraMode":{"drawMode":0,"name":"Shaded","section":"Shading Mode"},"sceneLighting":true,"audioPlay":false,"sceneViewState":{"showFog":true,"showMaterialUpdate":false,"showSkybox":true,"showFlares":true,"showImageEffects":true,"showParticleSystems":true},"in2DMode":false,"pivot":{"x":-2.691702365875244,"y":-4.2235188484191898,"z":-48.5219612121582},"rotation":{"x":0.06016060709953308,"y":-0.934139609336853,"z":0.2952120006084442,"w":0.19193507730960847},"size":7.027924537658691,"orthographic":false}