{"cameraMode":{"drawMode":0,"name":"Shaded","section":"Shading Mode"},"sceneLighting":true,"audioPlay":false,"sceneViewState":{"showFog":true,"showMaterialUpdate":false,"showSkybox":true,"showFlares":true,"showImageEffects":true,"showParticleSystems":true},"in2DMode":false,"pivot":{"x":-2.752366065979004,"y":2.5978894233703615,"z":-4.952399253845215},"rotation":{"x":0.1978432536125183,"y":0.405996173620224,"z":-0.09049332141876221,"w":0.8876052498817444},"size":2.70739483833313,"orthographic":false}