{"cameraMode":{"drawMode":0,"name":"Shaded","section":"Shading Mode"},"sceneLighting":true,"audioPlay":false,"sceneViewState":{"showFog":true,"showMaterialUpdate":false,"showSkybox":true,"showFlares":true,"showImageEffects":true,"showParticleSystems":true},"in2DMode":false,"pivot":{"x":6.140275955200195,"y":-0.19437408447265626,"z":-9.35177993774414},"rotation":{"x":0.23097389936447144,"y":-0.554703414440155,"z":0.1634008288383484,"w":0.7826172709465027},"size":11.14820671081543,"orthographic":false}