{"cameraMode":{"drawMode":0,"name":"Shaded","section":"Shading Mode"},"sceneLighting":true,"audioPlay":false,"sceneViewState":{"showFog":true,"showMaterialUpdate":false,"showSkybox":true,"showFlares":true,"showImageEffects":true,"showParticleSystems":true},"in2DMode":false,"pivot":{"x":-5.135461330413818,"y":0.4429140090942383,"z":-3.741318702697754},"rotation":{"x":0.24081742763519288,"y":0.3854936957359314,"z":-0.10494834929704666,"w":0.88453209400177},"size":2.70739483833313,"orthographic":false}