{"cameraMode":{"drawMode":0,"name":"Shaded","section":"Shading Mode"},"sceneLighting":true,"audioPlay":false,"sceneViewState":{"showFog":true,"showMaterialUpdate":false,"showSkybox":true,"showFlares":true,"showImageEffects":true,"showParticleSystems":true},"in2DMode":false,"pivot":{"x":1.6173169612884522,"y":0.14980125427246095,"z":-7.962249755859375},"rotation":{"x":-0.17552365362644196,"y":0.16264662146568299,"z":-0.028874322772026063,"w":-0.9706479907035828},"size":1.739607810974121,"orthographic":false}