{"cameraMode":{"drawMode":0,"name":"Shaded","section":"Shading Mode"},"sceneLighting":true,"audioPlay":false,"sceneViewState":{"showFog":true,"showMaterialUpdate":false,"showSkybox":true,"showFlares":true,"showImageEffects":true,"showParticleSystems":true},"in2DMode":false,"pivot":{"x":2.6635055541992189,"y":5.665510177612305,"z":-15.42646598815918},"rotation":{"x":0.4594675302505493,"y":-0.47867757081985476,"z":0.3266148865222931,"w":0.6732838153839111},"size":13.402676582336426,"orthographic":false}