{"cameraMode":{"drawMode":0,"name":"Shaded","section":"Shading Mode"},"sceneLighting":true,"audioPlay":false,"sceneViewState":{"showFog":true,"showMaterialUpdate":false,"showSkybox":true,"showFlares":true,"showImageEffects":true,"showParticleSystems":true},"in2DMode":false,"pivot":{"x":-0.35135790705680849,"y":-5.492743968963623,"z":-46.48003387451172},"rotation":{"x":0.00043172083678655326,"y":0.9209202527999878,"z":-0.3899010121822357,"w":0.0007948991842567921},"size":11.847469329833985,"orthographic":false}