{"cameraMode":{"drawMode":0,"name":"Shaded","section":"Shading Mode"},"sceneLighting":true,"audioPlay":false,"sceneViewState":{"showFog":true,"showMaterialUpdate":false,"showSkybox":true,"showFlares":true,"showImageEffects":true,"showParticleSystems":true},"in2DMode":false,"pivot":{"x":2.06801176071167,"y":0.835421085357666,"z":-39.805519104003909},"rotation":{"x":0.11639302223920822,"y":-0.8800782561302185,"z":0.3648790419101715,"w":0.28098148107528689},"size":3.803621530532837,"orthographic":false}